Job_Title,Company,Experience_Required,Salary
2,Moreton Bay Technology,4.0,49500.0
1,Zuitt Careers Incorporated,2.9,20000.0
1,Flat Planet Philippines Incorporated,2.9,49500.0
1,The Penbrothers International Inc,2.9,49500.0
1,STERRY,1.0,30000.0
1,JRA Technologies Inc,2.9,49500.0
1,Right Core Inc.,2.9,22500.0
1,MICROGENESIS BUSINESS SYSTEMS,2.9,40000.0
1,Maroon Studios Inc.,2.9,22500.0
2,HCM Nexus Consulting Inc,2.9,49500.0
1,adish International Corporation,4.0,32500.0
1,Sense Software Solutions,2.9,40000.0
1,adish International Corporation,4.0,32500.0
1,IThinkWeb Corporation,2.9,49500.0
1,Xurpas Enterprise Inc,2.9,30000.0
1,ActivAsia Inc.,2.9,49500.0
1,Flowerstore.ph,1.0,27500.0
1,Rising Tide Digital Inc.,1.0,40000.0
1,Fortune General Insurance Corporation,1.0,49500.0
1,Paramount Life and General Insurance Corporation,4.0,36500.0
1,RBS SOFTWARE SOLUTIONS,2.9,49500.0
1,DXC Technology,1.0,37500.0
1,"American Bio-Clinical Laboratories, International (to be assigned in ABE Data Solutions Inc.)",2.9,32500.0
1,ExaWeb Corporation,1.0,49500.0
2,HCM Nexus Consulting Inc,2.9,49500.0
1,Crowdsource Innovative Solutions,2.9,17500.0
1,Aspiree Inc.,1.0,40000.0
1,Ottodot,2.9,18500.0
1,Triune Electronic Systems Inc.,1.0,49500.0
1,Ben Edictio Corporated,4.0,25000.0
1,Microbiz One Inc.,4.0,30000.0
1,"Thurston Software Solutions, Inc.",2.9,32500.0
1,Aspiree Inc.,1.0,40000.0
1,Let's Bee Delivery Services Corporation,1.0,30000.0
1,Teknovarik Inc.,1.0,49500.0
1,Exxel Prime Int'l Trading Inc.,2.9,49500.0
1,"Transnational Education Solutions Team, Inc.",1.0,27500.0
1,MB Philippines Inc.,2.9,49500.0
1,Aspiree Inc.,1.0,45000.0
1,Xelure Technologies,2.0,57500.0
1,"Prime@Technology Specialists, Inc.",4.0,19000.0
2,HCM Nexus Consulting Inc,2.9,49500.0
1,Microbiz One Inc.,4.0,30000.0
1,Aspiree Inc.,1.0,40000.0
1,RBT Consulting Corporation,2.9,27500.0
1,THE SIRQO GROUP INC,2.9,55000.0
1,ING,2.9,49500.0
1,"Prime@Technology Specialists, Inc.",4.0,19000.0
2,HCM Nexus Consulting Inc,2.9,49500.0
1,CTI,1.0,49500.0
1,"Transnational Education Solutions Team, Inc.",1.0,27500.0
1,Aspiree Inc.,4.0,55000.0
1,Pragmatix Asia,0.0,49500.0
1,Adonai Software and Digital Technologies Corp.,4.0,49500.0
1,J-K Network SERVICES,2.9,49500.0
1,Rising Tide Digital Inc.,2.9,40000.0
1,"UNISON COMPUTER SYSTEMS, INC.",2.9,15500.0
1,"Primus@Knowledge Specialists, Inc.",2.9,25000.0
1,Teknovarik Inc.,1.0,49500.0
1,Support Shepherd,2.0,77500.0
1,Hunter's Hub Inc.,2.9,40000.0
1,Dotty Solutions Inc.,2.0,32500.0
1,Adonai Software and Digital Technologies Corp.,4.0,49500.0
2,HCM Nexus Consulting Inc,2.9,49500.0
1,Lee Systems Technology Ventures Inc,2.9,49500.0
1,ePLDT,1.0,35000.0
2,FFUF Manila Inc.,4.0,49500.0
2,Diversified Robotic Inc.,3.0,90000.0
2,Tribal Group,2.9,83000.0
2,Theoria Medical,2.9,49500.0
2,Quipper Philippines Inc.,2.9,20000.0
2,Carenet Healthcare Services,3.0,49500.0
2,Accenture Inc.,2.9,53000.0
2,elio GmbH,4.0,49500.0
2,"Viventis Search Asia, Inc",2.9,49500.0
2,Pan-Asia Resources Pte Ltd,2.9,49500.0
2,Hawodtech Solutions Inc.,8.0,110000.0
2,Microsourcing Philippines Inc,2.9,49500.0
2,Eclaro Business Solutions Incorporated,2.9,49500.0
2,FFUF Manila Inc.,4.0,49500.0
2,Tribal Group,2.9,83000.0
2,Theoria Medical,2.9,49500.0
2,Quipper Philippines Inc.,2.9,20000.0
2,Carenet Healthcare Services,3.0,49500.0
2,Accenture Inc.,2.9,53000.0
2,elio GmbH,4.0,49500.0
2,Eastvantage Business Solutions Inc.,2.9,49500.0
2,"Viventis Search Asia, Inc",2.9,49500.0
2,Eclaro Business Solutions Incorporated,2.9,49500.0
2,Microsourcing Philippines Inc,2.9,49500.0
2,Hawodtech Solutions Inc.,8.0,110000.0
2,LPJ,2.9,100000.0
2,Pan-Asia Resources Pte Ltd,2.9,49500.0
2,FFUF Manila Inc.,4.0,49500.0
2,Tribal Group,2.9,83000.0
2,Theoria Medical,2.9,49500.0
2,Quipper Philippines Inc.,2.9,20000.0
2,Carenet Healthcare Services,3.0,49500.0
2,Accenture Inc.,2.9,53000.0
2,elio GmbH,4.0,49500.0
2,Eastvantage Business Solutions Inc.,2.9,49500.0
2,"Viventis Search Asia, Inc",2.9,49500.0
2,Eclaro Business Solutions Incorporated,2.9,49500.0
2,Pan-Asia Resources Pte Ltd,2.9,49500.0
2,FIS Global,2.9,49500.0
2,Jobs for Humanity,2.9,49500.0
2,Microsourcing Philippines Inc,2.9,49500.0
2,FFUF Manila Inc.,4.0,49500.0
2,Tribal Group,2.9,83000.0
2,Theoria Medical,2.9,49500.0
2,Quipper Philippines Inc.,2.9,20000.0
2,Carenet Healthcare Services,3.0,49500.0
2,Accenture Inc.,2.9,53000.0
2,elio GmbH,4.0,49500.0
2,Eastvantage Business Solutions Inc.,2.9,49500.0
2,"Viventis Search Asia, Inc",2.9,49500.0
2,Eclaro Business Solutions Incorporated,2.9,49500.0
2,LPJ,2.9,100000.0
2,Microsourcing Philippines Inc,2.9,49500.0
2,FIS Global,2.9,49500.0
2,Pan-Asia Resources Pte Ltd,2.9,49500.0
2,FFUF Manila Inc.,4.0,49500.0
2,Tribal Group,2.9,83000.0
2,Theoria Medical,2.9,49500.0
2,Quipper Philippines Inc.,2.9,20000.0
2,Carenet Healthcare Services,3.0,49500.0
2,Accenture Inc.,2.9,53000.0
2,elio GmbH,4.0,49500.0
2,Eastvantage Business Solutions Inc.,2.9,49500.0
2,"Viventis Search Asia, Inc",2.9,49500.0
2,Eclaro Business Solutions Incorporated,2.9,49500.0
2,Microsourcing Philippines Inc,2.9,49500.0
2,FIS Global,2.9,49500.0
2,Pan-Asia Resources Pte Ltd,2.9,49500.0
3,Lightbridge Consulting,2.9,49500.0
3,"Profiles Asia Pacific, Inc./People Dynamics Inc.",6.0,37500.0
3,"Alorica Teleservices, Inc",2.9,49500.0
3,"Proquire, LLC",2.9,49500.0
3,Emapta Versatile Services Inc,2.9,49500.0
3,Nimbyx Philippines Inc,2.9,49500.0
3,Multiplymii,0.0,75000.0
3,N2N Connect Bhd,2.9,49500.0
3,Grundfos Is Support & Operations Centre Phils. Inc,2.9,49500.0
3,Maersk,2.9,49500.0
3,BruntWork,2.9,65000.0
3,LaunchX,1.0,65000.0
3,Elabram Systems Inc,3.0,65000.0
3,Cognizant Technology Solutions Philippines Inc,2.9,49500.0
3,filmetrics corporation,2.9,80000.0
3,Lightbridge Consulting,2.9,49500.0
3,"Profiles Asia Pacific, Inc./People Dynamics Inc.",6.0,37500.0
3,"Alorica Teleservices, Inc",2.9,49500.0
3,"Proquire, LLC",2.9,49500.0
3,Emapta Versatile Services Inc,2.9,49500.0
3,Nimbyx Philippines Inc,2.9,49500.0
3,N2N Connect Bhd,2.9,49500.0
3,Grundfos Is Support & Operations Centre Phils. Inc,2.9,49500.0
3,Maersk,2.9,49500.0
3,BruntWork,2.9,65000.0
3,Multiplymii,0.0,75000.0
3,"ALT Cladding, Inc.",2.9,80000.0
3,"Fibercom Telecom Phils., Inc.",2.9,49500.0
3,Tagit Philippines Inc,2.9,49500.0
3,Elabram Systems Inc,3.0,65000.0
3,Lightbridge Consulting,2.9,49500.0
3,"Profiles Asia Pacific, Inc./People Dynamics Inc.",6.0,37500.0
3,"Alorica Teleservices, Inc",2.9,49500.0
3,"Proquire, LLC",2.9,49500.0
3,Emapta Versatile Services Inc,2.9,49500.0
3,Nimbyx Philippines Inc,2.9,49500.0
3,Maersk,2.9,49500.0
3,N2N Connect Bhd,2.9,49500.0
3,Grundfos Is Support & Operations Centre Phils. Inc,2.9,49500.0
3,LaunchX,1.0,65000.0
3,Multiplymii,0.0,75000.0
3,Hitachi Rail STS Malaysia Sdn. Bhd.,2.9,49500.0
3,"ALT Cladding, Inc.",2.9,80000.0
3,Cognizant Technology Solutions Philippines Inc,2.9,49500.0
3,"Fibercom Telecom Phils., Inc.",2.9,49500.0
3,Lightbridge Consulting,2.9,49500.0
3,"Profiles Asia Pacific, Inc./People Dynamics Inc.",6.0,37500.0
3,"Alorica Teleservices, Inc",2.9,49500.0
3,"Proquire, LLC",2.9,49500.0
3,Emapta Versatile Services Inc,2.9,49500.0
3,Maersk,2.9,49500.0
3,Nimbyx Philippines Inc,2.9,49500.0
3,The Penbrothers International Inc,2.9,49500.0
3,Cognizant Technology Solutions Philippines Inc,2.9,49500.0
3,"Fibercom Telecom Phils., Inc.",2.9,49500.0
3,Hitachi Rail STS Malaysia Sdn. Bhd.,2.9,49500.0
3,BruntWork,2.9,65000.0
3,"ALT Cladding, Inc.",2.9,80000.0
3,Grundfos Is Support & Operations Centre Phils. Inc,2.9,49500.0
3,METALITE BUILDERS DEVELOPMENT COMPANY INCORPORATED,5.0,40000.0
3,Lightbridge Consulting,2.9,49500.0
3,"Profiles Asia Pacific, Inc./People Dynamics Inc.",6.0,37500.0
3,"Proquire, LLC",2.9,49500.0
3,"Alorica Teleservices, Inc",2.9,49500.0
3,Emapta Versatile Services Inc,2.9,49500.0
3,The Penbrothers International Inc,2.9,49500.0
3,Maersk,2.9,49500.0
3,Nimbyx Philippines Inc,2.9,49500.0
3,LaunchX,1.0,65000.0
3,"Fibercom Telecom Phils., Inc.",2.9,49500.0
3,Grundfos Is Support & Operations Centre Phils. Inc,2.9,49500.0
3,Hitachi Rail STS Malaysia Sdn. Bhd.,2.9,49500.0
3,Elabram Systems Inc,3.0,65000.0
3,Cognizant Technology Solutions Philippines Inc,2.9,49500.0
3,"ALT Cladding, Inc.",2.9,80000.0
